	AA	AC	AG	AT	CA	CC	CG	CT	GA	GC	GG	GT	TA	TC	TG	TT
G.gallus	0.0835	0.061	0.061	0.0835	0.061	0.0445	0.0445	0.061	0.061	0.0445	0.0445	0.061	0.0835	0.061	0.061	0.0835
E.coli	0.06046681	0.06248319	0.06248319	0.06046681	0.06248319	0.06456681	0.06456681	0.06248319	0.06248319	0.06456681	0.06456681	0.06248319	0.06046681	0.06248319	0.06248319	0.06046681
D.melanogaster	0.0841	0.0609	0.0609	0.0841	0.0609	0.0441	0.0441	0.0609	0.0609	0.0441	0.0441	0.0609	0.0841	0.0609	0.0609	0.0841
A.thaliana	0.1022	0.0576	0.0576	0.1022	0.0576	0.0325	0.0325	0.0576	0.0576	0.0325	0.0325	0.0576	0.1022	0.0576	0.0576	0.1022
S.cerevisiae	0.09566649	0.05898351	0.05898351	0.09566649	0.05898351	0.03636649	0.03636649	0.05898351	0.05898351	0.03636649	0.03636649	0.05898351	0.09566649	0.05898351	0.05898351	0.09566649
C.elegans	0.10419983999999999	0.05720015999999999	0.05720015999999999	0.10419983999999999	0.05720015999999999	0.03139984	0.03139984	0.05720015999999999	0.05720015999999999	0.03139984	0.03139984	0.05720015999999999	0.10419983999999999	0.05720015999999999	0.05720015999999999	0.10419983999999999
M.musculus	0.0851	0.0608	0.0608	0.0851	0.0608	0.0434	0.0434	0.0608	0.0608	0.0434	0.0434	0.0608	0.0851	0.0608	0.0608	0.0851
P.dumerilii	0.0939	0.0593	0.0593	0.0939	0.0593	0.0375	0.0375	0.0593	0.0593	0.0375	0.0375	0.0593	0.0939	0.0593	0.0593	0.0939
D.rerio	0.1005	0.058	0.058	0.1005	0.058	0.0335	0.0335	0.058	0.058	0.0335	0.0335	0.058	0.1005	0.058	0.058	0.1005
B.subtilis	0.0987	0.0462	0.0561	0.0814	0.0666	0.0458	0.049	0.0561	0.0654	0.0603	0.0458	0.0462	0.0517	0.0654	0.0666	0.0987
H.salinarum	0.0274	0.0682	0.0458	0.0289	0.0514	0.0851	0.1474	0.0458	0.0747	0.1017	0.0851	0.0682	0.0168	0.0747	0.0514	0.0274
